<xml version="1.0" standalone="yes">
	<World>

		<Images>
			<image type="scene" name="topleft" file="scene.bmp" />
			<image type="sprite" name="mill" file="windmill.bmp" sizex="100" sizey="100" />
		</Images>

		<Elements>
			<element type="scene" imagename="topleft" x="100" y="60" />
			<element type="scene" imagename="topleft" x="200" y="360" />

			<element type="ani" imagename="mill" x="304" y="376" fps="7" startframe="0" />
			<element type="ani" imagename="mill" x="334" y="436" fps="7" startframe="2" />
			<element type="ani" imagename="mill" x="394" y="631" fps="10" startframe="0" />
		</Elements>

	</World>
</xml>
