<?xml version="1.0" encoding="us-ascii" standalone="yes"?>
<Profile DefDieType="0" UseShaders="True" EnableSounds="True" EnableMusic="True" SoundVolume="4" MusicVolume="5" ShowBackground="True" GamesCount="203" ScenePreference="-1">
  <Names length="5" type="EvilGame.Profile+UserName">
    <UserName Name="Lewey" />
    <UserName Name="Default" />
    <UserName Name="Liz" />
    <UserName Name="Three" />
    <UserName Name="Two" />
  </Names>
  <HighScores length="4" type="EvilGame.Profile+HighScore">
    <HighScore Name="Lewey" Type="3" Score="440" />
    <HighScore Name="Lewey" Type="4" Score="106" />
    <HighScore Name="Lewey" Type="8" Score="24" />
    <HighScore Name="Lewey" Type="1" Score="5246" />
  </HighScores>
  <PuzzleBeaten length="6" type="EvilGame.Profile+Beaten">
    <Beaten Campaign="Tutorial" Level="Ones" Steps="3" />
    <Beaten Campaign="Tutorial" Level="Combos" Steps="2" />
    <Beaten Campaign="Tutorial" Level="Floor" Steps="5" />
    <Beaten Campaign="Tutorial" Level="The Tops" Steps="2" />
    <Beaten Campaign="Tutorial" Level="The Basics" Steps="2" />
    <Beaten Campaign="Tutorial" Level="Keeping Face" Steps="10" />
  </PuzzleBeaten>
</Profile>