<xml version="1.0" standalone="yes">

<file>
	<raw value="<table bgcolor=red><tr><td>" />
	<raw value="<a href=\"" />
	<paste value="name" />
	<raw value="\">" />
	<paste value="name" />
	<raw value="</a><br>" />
	<if value="platform">
		<raw value="Platform: " />
		<paste value="platform" />
	</if>
	<raw value="</td></tr></table>" />

</file>

<descrip>
	<raw value="<p>" />
	<paste value="value" />
	<raw value="</p>" />
</descrip>

<header>
	<raw value="<h1>" />
	<paste value="value" />
	<raw value="</h1>" />
</header>

<page>
	<raw value="<html>" />
	<if value="title">
		<raw value="<head><title>" />
		<paste value="title" />
		<raw value="</title></head>" />
	</if>

	<dosubs />

	<raw value="Page rebuildt: " />
	<date />

	<raw value="</body></html>" />
</page>

</xml>