<?xml version="1.0" encoding="us-ascii" standalone="yes"?>
<MeshCollection>
	<Instances length="7" type="EvilGame.MeshInstance">
		<MeshInstance MeshFile="Data/Meshes/Pillar.x" Scale="0.0495" TransX="-1" TransY="-1" TransZ="-2.75" />
		<MeshInstance MeshFile="Data/Meshes/Altar_Horn.x" Scale="0.0495" TransX="-1" TransY="-1" TransZ="-2.75" />				<MeshInstance MeshFile="Data/Meshes/Altar_Trim.x" Scale="0.0495" TransX="-1" TransY="-1" TransZ="-2.75" />
		<MeshInstance MeshFile="Data/Meshes/Altar_Base.x" Scale="0.0495" TransX="-1" TransY="-1" TransZ="-2.75" />
		<MeshInstance MeshFile="Data/Meshes/Altar_Chains.x" Scale="0.0495" TransX="-1" TransY="-1" TransZ="-2.75" />
		<MeshInstance MeshFile="Data/Meshes/Altar_Step_01.X" Scale="0.0495" TransX="-1" TransY="-1" TransZ="-2.75" />
		<MeshInstance MeshFile="Data/Meshes/Altar_Step_02.X" Scale="0.0495" TransX="-1" TransY="-1" TransZ="-2.75" />
	</Instances>
	<Animated length="2" type="EvilGame.MeshInstance">
		<MeshInstance MeshFile="Data/Meshes/TestModel.X" 
			TexShift="0.05" TexRate="1.2" TexDU="0.1" TexDV="0.1"
			Scale="0.2" TransX="-2" TransY="-1" TransZ="0.5" />
		<MeshInstance MeshFile="Data/Meshes/TestModel.X" 
			TexShift="0.01" TexRate="0.25" TexDU="0.05" TexDV="0.05"
			Scale="0.2" TransX="0" TransY="-1" TransZ="0.5" />
	</Animated>
</MeshCollection>