<?xml version="1.0" encoding="us-ascii" standalone="yes"?>
<MeshCollection Tile="Data/Meshes/Tile_Diffuse.png" ZNear="0.1" ZFar="20">
	<Instances length="8" type="EvilGame.MeshInstance">
		
		<MeshInstance MeshFile="Data/Meshes/Maps/Temple/Pillar.x" Scale="0.0495" TransX="-1" TransY="-1" TransZ="-2.75" />
		<MeshInstance MeshFile="Data/Meshes/Maps/Temple/Altar_Horn.x" Scale="0.0495" TransX="-1" TransY="-1" TransZ="-2.75" />
		<MeshInstance MeshFile="Data/Meshes/Maps/Temple/Altar_Trim.x" Scale="0.0495" TransX="-1" TransY="-1" TransZ="-2.75" />
		<MeshInstance MeshFile="Data/Meshes/Maps/Temple/Altar_Base.x" Scale="0.0495" TransX="-1" TransY="-1" TransZ="-2.75" />
		<MeshInstance MeshFile="Data/Meshes/Maps/Temple/Altar_Chains.x" Scale="0.0495" TransX="-1" TransY="-1" TransZ="-2.75" />
		<MeshInstance MeshFile="Data/Meshes/Maps/Temple/Altar_Step_01.X" Scale="0.0495" TransX="-1" TransY="-1" TransZ="-2.75" />
		<MeshInstance MeshFile="Data/Meshes/Maps/Temple/Altar_Step_02.X" Scale="0.0495" TransX="-1" TransY="-1" TransZ="-2.75" />
		<MeshInstance MeshFile="Data/Meshes/Maps/Temple/Level_base.X" Scale="0.0495" TransX="-1" TransY="-1" TransZ="-2.75" />

	</Instances>	
	<Animated length="0" type="EvilGame.MeshInstance">
		
	</Animated>
</MeshCollection>
</MeshCollection>