<?xml version="1.0" encoding="us-ascii" standalone="yes"?>
<MeshCollection Tile="Data/Meshes/Tile_Diffuse.png" ZNear="0.1" ZFar="40.0">
	<Instances length="3" type="EvilGame.MeshInstance">	
		
		<MeshInstance MeshFile="Data/Meshes/Maps/Brimstone/B_Walls.x" Scale="0.0495" TransX="-1" TransY="-1" TransZ="-2.75" />
		<MeshInstance MeshFile="Data/Meshes/Maps/Brimstone/B_Base.x" Scale="0.0495" TransX="-1" TransY="-1" TransZ="-2.75" />
		<MeshInstance MeshFile="Data/Meshes/Maps/Brimstone/B_Stag_01.x" Scale="0.0495" TransX="-1" TransY="-1" TransZ="-2.75" />


		
	</Instances>
	<Animated length="2" type="EvilGame.MeshInstance">

		
		<MeshInstance MeshFile="Data/Meshes/Maps/Brimstone/B_Lava_01.x" 

			TexShift="0.01" TexRate="0.25" TexDU="0.05" TexDV="0.05"
			Scale="0.2" TransX="0" TransY="-1" TransZ="0.5" />

		<MeshInstance MeshFile="Data/Meshes/Maps/Brimstone/B_Lava_02.x" 

			TexShift="0.0" TexRate="0.25" TexDU="0.0" TexDV="0.0"
			Scale="0.2" TransX="0" TransY="-1" TransZ="0.5" />

		
	</Animated>
</MeshCollection>




