<xml standalone="true">
  <material compile="inst1">
    <inst name="inst8" type="RealCubicTexture">
      <setchannel member="Cubic Texture" channel="CUBETEXTURE0" />
    </inst>
    <inst name="inst7" type="ReflectionColor">
      <setinst member="EnvMap" inst="inst8" />
    </inst>
    <inst name="inst6" type="SumColors">
      <setarray member="Colors" insts="inst7" />
    </inst>
    <inst name="inst5" type="FixedValue">
      <setfloat member="Value" value="0.5" />
    </inst>
    <inst name="inst4" type="UVCoords">
      <setchannel member="UVCoord" channel="TEXCOORD0" />
    </inst>
    <inst name="inst3" type="RealTexture">
      <setchannel member="Texture" channel="TEXTURE1" />
    </inst>
    <inst name="inst2" type="TexturedColor">
      <setinst member="Texture" inst="inst3" />
      <setinst member="TexCoord" inst="inst4" />
    </inst>
    <inst name="inst1" extends="MyShader" adds="NormalMap">
      <setinst member="BumpMap" inst="inst2" />
      <setchannel member="TangentU" channel="TEXCOORD1" />
      <setchannel member="TangentV" channel="TEXCOORD2" />
      <setinst member="NormalWeight" inst="inst5" />
      <setinst member="PixelColor" inst="inst6" />
    </inst>
  </material>
</xml>