<?xml version="1.0" encoding="us-ascii" standalone="yes"?>
<MeshCollection Tile="Data/Meshes/L2_Lava_01.png" ZNear="0.1" ZFar="60">
	<Instances length="3" type="EvilGame.MeshInstance">
		
		<MeshInstance MeshFile="Data/Meshes/Maps/Council/CFloors.x" Scale="0.0495" TransX="-1" TransY="-1" TransZ="-2.75" />
		<MeshInstance MeshFile="Data/Meshes/Maps/Council/CLevelBase.x" Scale="0.0495" TransX="-1" TransY="-1" TransZ="-2.75" />
		<MeshInstance MeshFile="Data/Meshes/Maps/Council/ClevelRoom.x" Scale="0.0495" TransX="-1" TransY="-1" TransZ="-2.75" />
		

	</Instances>	
	<Animated length="0" type="EvilGame.MeshInstance">
		
	</Animated>
</MeshCollection>
</MeshCollection>