<?xml version="1.0" encoding="us-ascii" standalone="yes"?>
<Profile>
  <Names length="4" type="EvilGame.Profile+UserName">
    <UserName Name="Liz" />
    <UserName Name="Default" />
    <UserName Name="Other" />
    <UserName Name="Lewey" />
  </Names>
  <HighScores length="7" type="EvilGame.Profile+HighScore">
    <HighScore Name="Lewey" Type="7" Score="17" />
    <HighScore Name="Lewey" Type="5" Score="317" />
    <HighScore Name="Lewey" Type="4" Score="94" />
    <HighScore Name="Lewey" Type="1" Score="3599" />
    <HighScore Name="Lewey" Type="6" Score="225" />
    <HighScore Name="Lewey" Type="8" Score="5" />
    <HighScore Name="Lewey" Type="3" Score="297" />
  </HighScores>
  <PuzzleBeaten length="8" type="EvilGame.Profile+Beaten">
    <Beaten Campaign="Tutorial" Level="Very Basics" Steps="2" />
    <Beaten Campaign="Tutorial" Level="The Tops" Steps="2" />
    <Beaten Campaign="Tutorial" Level="Combos" Steps="2" />
    <Beaten Campaign="Tutorial" Level="Ones" Steps="3" />
    <Beaten Campaign="Second" Level="Name" Steps="0" />
    <Beaten Campaign="Tutorial" Level="The Basics" Steps="2" />
    <Beaten Campaign="Tutorial" Level="Floor" Steps="5" />
    <Beaten Campaign="Tutorial" Level="Keeping Face" Steps="10" />
  </PuzzleBeaten>
</Profile>